{
  "Polygons": [
    {
      "Points": [
        {
          "X": 0,
          "Y": 0
        },
        {
          "X": 1,
          "Y": 1
        },
        {
          "X": 2,
          "Y": 2
        },
        {
          "X": 3,
          "Y": 3
        },
        {
          "X": 4,
          "Y": 4
        },
        {
          "X": 5,
          "Y": 5
        },
        {
          "X": 5,
          "Y": 6
        },
        {
          "X": 4,
          "Y": 5
        },
        {
          "X": 3,
          "Y": 4
        },
        {
          "X": 2,
          "Y": 3
        },
        {
          "X": 1,
          "Y": 2
        },
        {
          "X": 0,
          "Y": 1
        }
      ]
    },
    {
      "Points": [
        {
          "X": 0,
          "Y": 2
        },
        {
          "X": 1,
          "Y": 3
        },
        {
          "X": 2,
          "Y": 4
        },
        {
          "X": 3,
          "Y": 5
        },
        {
          "X": 4,
          "Y": 6
        },
        {
          "X": 5,
          "Y": 7
        }
      ]
    }
  ]
}